{"cameraMode":{"drawMode":0,"name":"Shaded","section":"Shading Mode"},"sceneLighting":true,"audioPlay":false,"sceneViewState":{"m_AlwaysRefresh":false,"showFog":true,"showSkybox":true,"showFlares":true,"showImageEffects":true,"showParticleSystems":true,"showVisualEffectGraphs":true,"m_FxEnabled":true},"in2DMode":false,"pivot":{"x":3.6715333461761476,"y":-47.95721435546875,"z":-28.908037185668947},"rotation":{"x":-0.00337509298697114,"y":0.9117213487625122,"z":-0.4107738435268402,"w":-0.00747343385592103},"size":45.209510803222659,"orthographic":false}