{"cameraMode":{"drawMode":0,"name":"Shaded","section":"Shading Mode"},"sceneLighting":true,"audioPlay":false,"sceneViewState":{"m_AlwaysRefresh":false,"showFog":true,"showSkybox":true,"showFlares":true,"showImageEffects":true,"showParticleSystems":true,"showVisualEffectGraphs":true,"m_FxEnabled":true},"in2DMode":false,"pivot":{"x":16.47957992553711,"y":6.107526779174805,"z":26.52366065979004},"rotation":{"x":0.025708207860589029,"y":-0.9724644422531128,"z":0.1300991326570511,"w":0.19186793267726899},"size":0.6961683630943298,"orthographic":false}